BoroCode,BoroName,CountyFIPS,NTA2020,NTAName,NTAAbbrev,NTAType,CDTA2020,CDTAName,Shape_Leng,Shape_Area,Trip Count,Average Di,Average Fa
"3",Brooklyn,"047",BK0101,Greenpoint,Grnpt,"0",BK01,BK01 Williamsburg-Greenpoint (CD 1 Equivalent),28912.566468100001657,35321206.201300002634525,"1061",3.781432610744580,22.687361538461538
"3",Brooklyn,"047",BK0102,Williamsburg,Wllmsbrg,"0",BK01,BK01 Williamsburg-Greenpoint (CD 1 Equivalent),28098.026671499999793,28854314.423300001770258,"0",,
"3",Brooklyn,"047",BK0103,South Williamsburg,SWllmsbrg,"0",BK01,BK01 Williamsburg-Greenpoint (CD 1 Equivalent),18250.279986199999257,15208960.635800000280142,"0",,
"3",Brooklyn,"047",BK0104,East Williamsburg,EWllmsbrg,"0",BK01,BK01 Williamsburg-Greenpoint (CD 1 Equivalent),43184.772485399997095,52266209.963399998843670,"1743",3.955283993115319,25.662874885004602
"3",Brooklyn,"047",BK0201,Brooklyn Heights,BkHts,"0",BK02,BK02 Downtown Brooklyn-Fort Greene (CD 2 Approximation),14312.504357699999673,9982321.826680000871420,"632",65.001044303797471,24.509171143514966
"3",Brooklyn,"047",BK0202,Downtown Brooklyn-DUMBO-Boerum Hill,DwntwnBk,"0",BK02,BK02 Downtown Brooklyn-Fort Greene (CD 2 Approximation),30570.847603300000628,23733661.775400001555681,"0",,
"3",Brooklyn,"047",BK0203,Fort Greene,FtGrn,"0",BK02,BK02 Downtown Brooklyn-Fort Greene (CD 2 Approximation),23284.814809100000275,17534196.672600001096725,"2270",4.775986784140969,22.304345943482225
"3",Brooklyn,"047",BK0204,Clinton Hill,ClntnHl,"0",BK02,BK02 Downtown Brooklyn-Fort Greene (CD 2 Approximation),18102.968938199999684,14566585.372999999672174,"58",4.832931034482758,27.747205882352944
"3",Brooklyn,"047",BK0261,Brooklyn Navy Yard,BkNvyYrd,"6",BK02,BK02 Downtown Brooklyn-Fort Greene (CD 2 Approximation),39387.633001900001545,10106059.260999999940395,"0",,
"3",Brooklyn,"047",BK0301,Bedford-Stuyvesant (West),BdSty_W,"0",BK03,BK03 Bedford-Stuyvesant (CD 3 Approximation),26307.646080700000311,36906698.572599999606609,"1733",4.791656087709174,28.249946679592824
"3",Brooklyn,"047",BK0302,Bedford-Stuyvesant (East),BdSty_E,"0",BK03,BK03 Bedford-Stuyvesant (CD 3 Approximation),29753.970786800000496,41289700.794900000095367,"627",4.502280701754386,27.742367491166078
"3",Brooklyn,"047",BK0401,Bushwick (West),Bshwck_W,"0",BK04,BK04 Bushwick (CD 4 Equivalent),23685.207131800001662,23135495.429400000721216,"0",,
"3",Brooklyn,"047",BK0402,Bushwick (East),Bshwck_E,"0",BK04,BK04 Bushwick (CD 4 Equivalent),27121.675454899999750,27932137.596999999135733,"667",5.163973013493253,27.978636363636358
"3",Brooklyn,"047",BK0471,The Evergreens Cemetery,EvrgrnsCem,"7",BK04,BK04 Bushwick (CD 4 Equivalent),10950.209624499999336,5585573.590110000222921,"0",,
"3",Brooklyn,"047",BK0501,Cypress Hills,CyprssHls,"0",BK05,BK05 East New York-Cypress Hills (CD 5 Approximation),31089.661580700001650,24378887.678800001740456,"172",6.291162790697674,32.211619047619052
"3",Brooklyn,"047",BK0502,East New York (North),ENY_N,"0",BK05,BK05 East New York-Cypress Hills (CD 5 Approximation),25634.370848200000182,27906985.385800000280142,"0",,
"3",Brooklyn,"047",BK0503,East New York-New Lots,ENY_NwLts,"0",BK05,BK05 East New York-Cypress Hills (CD 5 Approximation),36564.358476800000062,46453842.196699999272823,"0",,
"3",Brooklyn,"047",BK0504,Spring Creek-Starrett City,SpCrk_StrC,"0",BK05,BK05 East New York-Cypress Hills (CD 5 Approximation),33027.682677299999341,27086261.471200000494719,"99",7.613535353535353,43.099857142857140
"3",Brooklyn,"047",BK0505,East New York-City Line,ENY_CtyLn,"0",BK05,BK05 East New York-Cypress Hills (CD 5 Approximation),29722.697321999999986,31529168.109200000762939,"0",,
"3",Brooklyn,"047",BK0571,Highland Park-Cypress Hills Cemeteries (South),CyHlsCem_S,"7",BK05,BK05 East New York-Cypress Hills (CD 5 Approximation),15889.669789199999286,8100960.629529999569058,"0",,
"3",Brooklyn,"047",BK0601,Carroll Gardens-Cobble Hill-Gowanus-Red Hook,CrrllGrdns,"0",BK06,BK06 Park Slope-Carroll Gardens (CD 6 Approximation),67164.871254600002430,60811779.029399998486042,"1715",46.589416909620994,23.993675762439810
"3",Brooklyn,"047",BK0602,Park Slope,PkSlp,"0",BK06,BK06 Park Slope-Carroll Gardens (CD 6 Approximation),23501.696332499999698,25829298.984499998390675,"1525",4.277436065573770,19.915117695929101
"3",Brooklyn,"047",BK0701,Windsor Terrace-South Slope,WndsrTr,"0",BK07,BK07 Sunset Park-Windsor Terrace (CD 7 Approximation),21234.300154500000644,15312045.314200000837445,"938",4.850106609808102,25.419900249376557
"3",Brooklyn,"047",BK0702,Sunset Park (West),SnstPk_W,"0",BK07,BK07 Sunset Park-Windsor Terrace (CD 7 Approximation),79876.090937400003895,50378927.807499997317791,"598",143.234130434782571,34.611046228710464
"3",Brooklyn,"047",BK0703,Sunset Park (Central),SnstPk_C,"0",BK07,BK07 Sunset Park-Windsor Terrace (CD 7 Approximation),24014.323496900000464,18754283.878699999302626,"0",,
"3",Brooklyn,"047",BK0771,Green-Wood Cemetery,GrnWdCem,"7",BK07,BK07 Sunset Park-Windsor Terrace (CD 7 Approximation),18789.022322199998598,21101598.570099998265505,"0",,
"3",Brooklyn,"047",BK0801,Prospect Heights,PrspctHts,"0",BK08,BK08 Crown Heights (North) (CD 8 Approximation),15044.360730300000796,10313415.017500000074506,"459",5.223529411764707,26.601101549053354
"3",Brooklyn,"047",BK0802,Crown Heights (North),CrwnHts_N,"0",BK08,BK08 Crown Heights (North) (CD 8 Approximation),30149.111328300001333,35416337.840899996459484,"0",,
"3",Brooklyn,"047",BK0891,Lincoln Terrace Park,LclnTrPk,"9",BK08,BK08 Crown Heights (North) (CD 8 Approximation),4568.616707119999774,1214617.185790000017732,"0",,
"3",Brooklyn,"047",BK0901,Crown Heights (South),CrwnHts_S,"0",BK09,BK09 Crown Heights (South) (CD 9 Approximation),24197.418042599998444,20053793.137499999254942,"0",,
"3",Brooklyn,"047",BK0902,Prospect Lefferts Gardens-Wingate,PLG_Wngt,"0",BK09,BK09 Crown Heights (South) (CD 9 Approximation),26320.628426999999647,24039163.241599999368191,"0",,
"3",Brooklyn,"047",BK1001,Bay Ridge,ByRdg,"0",BK10,BK10 Bay Ridge-Dyker Heights (CD 10 Approximation),41302.393019299997832,61636886.198799997568130,"0",,
"3",Brooklyn,"047",BK1002,Dyker Heights,DykrHts,"0",BK10,BK10 Bay Ridge-Dyker Heights (CD 10 Approximation),25001.490292599999520,29119072.857200000435114,"193",7.531347150259069,34.144837398373980
"3",Brooklyn,"047",BK1061,Fort Hamilton,FtHmltn,"6",BK10,BK10 Bay Ridge-Dyker Heights (CD 10 Approximation),16460.952870599998278,8464621.282640000805259,"0",,
"3",Brooklyn,"047",BK1091,Dyker Beach Park,DykrBchPk,"9",BK10,BK10 Bay Ridge-Dyker Heights (CD 10 Approximation),14627.501868699999250,9989377.459799999371171,"0",,
"3",Brooklyn,"047",BK1101,Bensonhurst,Bnsnhrst,"0",BK11,BK11 Bensonhurst-Bath Beach (CD 11 Approximation),33669.620715600001859,48634931.099500000476837,"400",6.235550000000001,31.144318181818178
"3",Brooklyn,"047",BK1102,Bath Beach,BthBch,"0",BK11,BK11 Bensonhurst-Bath Beach (CD 11 Approximation),22422.370591599999898,20556461.322700001299381,"626",8.083051118210863,35.217909090909089
"3",Brooklyn,"047",BK1103,Gravesend (West),Grvsnd_W,"0",BK11,BK11 Bensonhurst-Bath Beach (CD 11 Approximation),32872.721470900003624,33835200.458200000226498,"0",,
"3",Brooklyn,"047",BK1201,Sunset Park (East)-Borough Park (West),SnstPk_E,"0",BK12,BK12 Borough Park-Kensington (CD 12 Approximation),15982.479580699999133,11749149.151200000196695,"0",,
"3",Brooklyn,"047",BK1202,Borough Park,BoroPk,"0",BK12,BK12 Borough Park-Kensington (CD 12 Approximation),28481.079121200000372,40481286.431000001728535,"195",5.945282051282051,31.740507812500002
"3",Brooklyn,"047",BK1203,Kensington,Knsngtn,"0",BK12,BK12 Borough Park-Kensington (CD 12 Approximation),20316.735283199999685,17471228.742899999022484,"62",6.759354838709676,30.775432098765432
"3",Brooklyn,"047",BK1204,Mapleton-Midwood (West),Mpltn,"0",BK12,BK12 Borough Park-Kensington (CD 12 Approximation),27783.876373399998556,31356436.453800000250340,"528",6.026477272727273,30.830244648318043
"3",Brooklyn,"047",BK1301,Gravesend (South),Grvsnd_S,"0",BK13,BK13 Coney Island-Brighton Beach (CD 13 Approximation),36857.789548499997181,25835766.447500001639128,"339",8.623982300884956,29.992881944444449
"3",Brooklyn,"047",BK1302,Coney Island-Sea Gate,CnyIsl,"0",BK13,BK13 Coney Island-Brighton Beach (CD 13 Approximation),49217.466462999997020,47509245.627199999988079,"142",9.564859154929577,39.270051282051284
"3",Brooklyn,"047",BK1303,Brighton Beach,BrghtnBch,"0",BK13,BK13 Coney Island-Brighton Beach (CD 13 Approximation),16805.896894699999393,13564293.265000000596046,"71",9.013098591549296,38.382105263157889
"3",Brooklyn,"047",BK1391,Calvert Vaux Park,ClvrtVxPk,"9",BK13,BK13 Coney Island-Brighton Beach (CD 13 Approximation),11506.240038199999617,4222371.369370000436902,"391",10.845473145780051,40.713993231810491
"3",Brooklyn,"047",BK1401,Flatbush,Fltbsh,"0",BK14,BK14 Flatbush-Midwood (CD 14 Approximation),33235.614180099997611,24024171.256000000983477,"0",,
"3",Brooklyn,"047",BK1402,Flatbush (West)-Ditmas Park-Parkville,Fltbsh_W,"0",BK14,BK14 Flatbush-Midwood (CD 14 Approximation),31252.163701699999365,22904661.223700001835823,"39",4.346153846153846,23.613559322033900
"3",Brooklyn,"047",BK1403,Midwood,Mdwd,"0",BK14,BK14 Flatbush-Midwood (CD 14 Approximation),25034.850731499998801,32218510.238699998706579,"407",5.933636363636363,29.740020576131684
"3",Brooklyn,"047",BK1501,Gravesend (East)-Homecrest,Grvsnd_E,"0",BK15,BK15 Sheepshead Bay-Gravesend (East) (CD 15 Approximation),31842.345368300000700,34879887.388499997556210,"356",6.367584269662922,29.704460093896710
"3",Brooklyn,"047",BK1502,Madison,Mdsn,"0",BK15,BK15 Sheepshead Bay-Gravesend (East) (CD 15 Approximation),26237.257581300000311,27379162.594999998807907,"0",,
"3",Brooklyn,"047",BK1503,Sheepshead Bay-Manhattan Beach-Gerritsen Beach,ShpshdBy,"0",BK15,BK15 Sheepshead Bay-Gravesend (East) (CD 15 Approximation),91450.191809800002375,63370522.393299996852875,"45",5.862666666666667,28.351290322580645
"3",Brooklyn,"047",BK1601,Ocean Hill,OcnHl,"0",BK16,BK16 Ocean Hill-Brownsville (CD 16 Approximation),22493.613955100001476,20090098.416799999773502,"0",,
"3",Brooklyn,"047",BK1602,Brownsville,Brwnsvl,"0",BK16,BK16 Ocean Hill-Brownsville (CD 16 Approximation),25719.290601000000606,30785525.738400001078844,"527",6.712201138519924,31.159685039370082
"3",Brooklyn,"047",BK1701,East Flatbush-Erasmus,EFb_Ersms,"0",BK17,BK17 East Flatbush (CD 17 Approximation),21908.388034200001130,19770955.608600001782179,"0",,
"3",Brooklyn,"047",BK1702,East Flatbush-Farragut,EFb_Frrgt,"0",BK17,BK17 East Flatbush (CD 17 Approximation),23276.208841200001189,24121899.212699998170137,"186",5.466182795698924,29.619099526066350
"3",Brooklyn,"047",BK1703,East Flatbush-Rugby,EFb_Rgby,"0",BK17,BK17 East Flatbush (CD 17 Approximation),31994.706159400000615,27204096.568300001323223,"1007",5.391807348560079,28.601334418226202
"3",Brooklyn,"047",BK1704,East Flatbush-Remsen Village,EFb_RmsnVl,"0",BK17,BK17 East Flatbush (CD 17 Approximation),22056.758143700000801,18390696.374800000339746,"2357",6.111489181162495,29.866116539992756
"3",Brooklyn,"047",BK1771,Holy Cross Cemetery,HlyCrssCem,"7",BK17,BK17 East Flatbush (CD 17 Approximation),9226.100284610000017,4276575.348650000058115,"0",,
"3",Brooklyn,"047",BK1801,Flatlands,Fltlnds,"0",BK18,BK18 Canarsie-Flatlands (CD 18 Approximation),40597.277507400001923,54337180.439000003039837,"1379",7.439463379260334,31.407422934648579
"3",Brooklyn,"047",BK1802,Marine Park-Mill Basin-Bergen Beach,MrnPk_MBsn,"0",BK18,BK18 Canarsie-Flatlands (CD 18 Approximation),76296.375974099995801,58872204.512599997222424,"0",,
"3",Brooklyn,"047",BK1803,Canarsie,Cnrsie,"0",BK18,BK18 Canarsie-Flatlands (CD 18 Approximation),42931.587405600002967,70537630.027199998497963,"240",8.246541666666667,37.108326996197718
"3",Brooklyn,"047",BK1891,Marine Park-Plumb Island,MrnPk_PIsl,"9",BK18,BK18 Canarsie-Flatlands (CD 18 Approximation),96948.251530599998659,43267151.323299996554852,"201",7.867313432835821,34.978106995884772
"3",Brooklyn,"047",BK1892,McGuire Fields,McGrFlds,"9",BK18,BK18 Canarsie-Flatlands (CD 18 Approximation),24718.658901399998285,10589611.423000000417233,"0",,
"3",Brooklyn,"047",BK1893,Canarsie Park & Pier,CnrsiePk,"9",BK18,BK18 Canarsie-Flatlands (CD 18 Approximation),24203.993007799999759,11552048.232799999415874,"0",,
"3",Brooklyn,"047",BK5591,Prospect Park,PrspctPk,"9",BK55,BK55 Prospect Park (JIA 55 Approximation),24199.068694000001415,27324218.926500000059605,"0",,
"3",Brooklyn,"047",BK5691,Barren Island-Floyd Bennett Field,BrrnIsl,"9",BK56,BK56 Jamaica Bay (West) (JIA 56 Approximation),44394.329967799996666,54676046.793499998748302,"0",,
"3",Brooklyn,"047",BK5692,Jamaica Bay (West),JmcaBy_W,"9",BK56,BK56 Jamaica Bay (West) (JIA 56 Approximation),136901.829001000005519,39754277.476999998092651,"0",,
"3",Brooklyn,"047",BK5693,Shirley Chisholm State Park,ShChshlmPk,"9",BK56,BK56 Jamaica Bay (West) (JIA 56 Approximation),26521.917938400001731,18284901.085799999535084,"0",,
"2",Bronx,"005",BX0101,Mott Haven-Port Morris,MttHvn,"0",BX01,BX01 Melrose-Mott Haven-Port Morris (CD 1 Approximation),29217.822862799999712,40974661.390600003302097,"307",4.776644951140065,24.414362745098042
"2",Bronx,"005",BX0102,Melrose,Mlrs,"0",BX01,BX01 Melrose-Mott Haven-Port Morris (CD 1 Approximation),19589.195834099999047,17271763.937399998307228,"0",,
"2",Bronx,"005",BX0201,Hunts Point,HntsPt,"0",BX02,BX02 Longwood-Hunts Point (CD 2 Approximation),37430.315563800002565,45038850.674999997019768,"206",6.134077669902913,30.210519999999999
"2",Bronx,"005",BX0202,Longwood,Lngwd,"0",BX02,BX02 Longwood-Hunts Point (CD 2 Approximation),21721.755823899999086,15385148.740700000897050,"269",5.406319702602231,28.915141065830721
"2",Bronx,"005",BX0291,North & South Brother Islands,BrthrIsls,"9",BX02,BX02 Longwood-Hunts Point (CD 2 Approximation),7192.090426490000027,930649.208587000030093,"566",4.389540636042402,25.793738062755796
"2",Bronx,"005",BX0301,Morrisania,Mrrsnia,"0",BX03,BX03 Morrisania-Crotona Park East (CD 3 Approximation),21889.214919099998951,13811173.897099999710917,"749",5.557089452603472,27.549937565036419
"2",Bronx,"005",BX0302,Claremont Village-Claremont (East),ClrmntVlg,"0",BX03,BX03 Morrisania-Crotona Park East (CD 3 Approximation),16428.111303000001499,9996877.359780000522733,"169",5.633076923076923,26.066345381526105
"2",Bronx,"005",BX0303,Crotona Park East,CrtnaPkEst,"0",BX03,BX03 Morrisania-Crotona Park East (CD 3 Approximation),20755.438246500001696,15978533.314999999478459,"297",6.787003367003368,29.350585106382979
"2",Bronx,"005",BX0391,Crotona Park,CrtnaPk,"9",BX03,BX03 Morrisania-Crotona Park East (CD 3 Approximation),11725.246444500000507,6339739.139080000109971,"0",,
"2",Bronx,"005",BX0401,Concourse-Concourse Village,Cncrs,"0",BX04,BX04 Highbridge-Concourse (CD 4 Approximation),29504.397896400001628,26502751.819400001317263,"162",5.699691358024691,27.193571428571431
"2",Bronx,"005",BX0402,Highbridge,Hghbrdg,"0",BX04,BX04 Highbridge-Concourse (CD 4 Approximation),15718.876780799999324,13050500.178200000897050,"240",6.811500000000000,31.035068965517237
"2",Bronx,"005",BX0403,Mount Eden-Claremont (West),MtEdn,"0",BX04,BX04 Highbridge-Concourse (CD 4 Approximation),21597.854331499998807,13607314.638699999079108,"0",,
"2",Bronx,"005",BX0491,Yankee Stadium-Macombs Dam Park,YnkStdm,"9",BX04,BX04 Highbridge-Concourse (CD 4 Approximation),9673.852136800000153,2808903.076950000133365,"0",,
"2",Bronx,"005",BX0492,Claremont Park,ClrmntPk,"9",BX04,BX04 Highbridge-Concourse (CD 4 Approximation),6258.489232289999563,1863712.063679999904707,"0",,
"2",Bronx,"005",BX0501,University Heights (South)-Morris Heights,UnvrsHts_S,"0",BX05,BX05 Morris Heights-Mount Hope (CD 5 Approximation),21833.817914800001745,19642543.511700000613928,"211",7.072890995260664,32.987556390977446
"2",Bronx,"005",BX0502,Mount Hope,MtHp,"0",BX05,BX05 Morris Heights-Mount Hope (CD 5 Approximation),16278.243558899999698,12684327.542600000277162,"0",,
"2",Bronx,"005",BX0503,Fordham Heights,FrdhmHts,"0",BX05,BX05 Morris Heights-Mount Hope (CD 5 Approximation),12917.280157299999701,7379039.789020000025630,"0",,
"2",Bronx,"005",BX0601,West Farms,WstFrms,"0",BX06,BX06 Tremont-Belmont-West Farms (CD 6 Approximation),21993.909094200000254,11701858.996500000357628,"0",,
"2",Bronx,"005",BX0602,Tremont,Trmnt,"0",BX06,BX06 Tremont-Belmont-West Farms (CD 6 Approximation),18324.115517700000055,15826653.270199999213219,"0",,
"2",Bronx,"005",BX0603,Belmont,Blmnt,"0",BX06,BX06 Tremont-Belmont-West Farms (CD 6 Approximation),19746.654165899999498,16393957.568900000303984,"164",7.740792682926830,36.463853658536586
"2",Bronx,"005",BX0701,University Heights (North)-Fordham,UnvrsHts_N,"0",BX07,BX07 Fordham-Bedford Park-Norwood (CD 7 Approximation),27360.618995199998608,18313195.529500000178814,"139",7.180647482014389,33.801751412429375
"2",Bronx,"005",BX0702,Bedford Park,BdfrdPk,"0",BX07,BX07 Fordham-Bedford Park-Norwood (CD 7 Approximation),20847.605488400000468,24553606.499200001358986,"0",,
"2",Bronx,"005",BX0703,Norwood,Nrwd,"0",BX07,BX07 Fordham-Bedford Park-Norwood (CD 7 Approximation),22139.010825900000782,15721133.803200000897050,"0",,
"2",Bronx,"005",BX0801,Kingsbridge Heights-Van Cortlandt Village,KngbrdgHts,"0",BX08,BX08 Riverdale-Kingsbridge-Marble Hill (CD 8 Approximation),20471.117744200000743,10970195.211899999529123,"0",,
"2",Bronx,"005",BX0802,Kingsbridge-Marble Hill,Kngbrdg,"0",BX08,BX08 Riverdale-Kingsbridge-Marble Hill (CD 8 Approximation),19810.959878300000128,12312473.978800000622869,"126",7.534761904761905,33.948580645161286
"2",Bronx,"005",BX0803,Riverdale-Spuyten Duyvil,Rvrdl,"0",BX08,BX08 Riverdale-Kingsbridge-Marble Hill (CD 8 Approximation),37646.588002900003630,62983246.714800000190735,"0",,
"2",Bronx,"005",BX0901,Soundview-Bruckner-Bronx River,Sdvw_BxRvr,"0",BX09,BX09 Soundview-Parkchester (CD 9 Approximation),26836.619779699998617,32208010.702899999916553,"0",,
"2",Bronx,"005",BX0902,Soundview-Clason Point,Sdvw_ClsPt,"0",BX09,BX09 Soundview-Parkchester (CD 9 Approximation),40474.173440099999425,30319584.451900001615286,"497",6.604346076458753,30.056772575250836
"2",Bronx,"005",BX0903,Castle Hill-Unionport,CstlHl,"0",BX09,BX09 Soundview-Parkchester (CD 9 Approximation),43001.996326000000408,32897687.311500001698732,"209",7.213301435406699,33.049841897233200
"2",Bronx,"005",BX0904,Parkchester,Pkchstr,"0",BX09,BX09 Soundview-Parkchester (CD 9 Approximation),12411.821279399999185,9184335.298310000449419,"0",,
"2",Bronx,"005",BX0991,Soundview Park,SdvwPk,"9",BX09,BX09 Soundview-Parkchester (CD 9 Approximation),18348.871381299999484,7798458.566349999979138,"93",5.519677419354838,29.472372881355930
"2",Bronx,"005",BX1001,Westchester Square,WstchstrSq,"0",BX10,BX10 Co-op City-Throgs Neck (CD 10 Approximation),25639.659239199998410,15373412.239399999380112,"95",5.693052631578948,31.842814814814805
"2",Bronx,"005",BX1002,Throgs Neck-Schuylerville,ThrgsNck,"0",BX10,BX10 Co-op City-Throgs Neck (CD 10 Approximation),86698.317358400003286,66476699.336800001561642,"223",7.109058295964125,31.359399999999997
"2",Bronx,"005",BX1003,Pelham Bay-Country Club-City Island,PlhmBy,"0",BX10,BX10 Co-op City-Throgs Neck (CD 10 Approximation),121140.619139999995241,35309767.529100000858307,"7",10.285714285714286,38.071428571428569
"2",Bronx,"005",BX1004,Co-op City,CoopCty,"0",BX10,BX10 Co-op City-Throgs Neck (CD 10 Approximation),25102.626770999999280,29055661.136500000953674,"0",,
"2",Bronx,"005",BX1071,Hart Island,HrtIsl,"7",BX10,BX10 Co-op City-Throgs Neck (CD 10 Approximation),16969.583841499999835,4905129.232169999741018,"0",,
"2",Bronx,"005",BX1091,Ferry Point Park-St. Raymond Cemetery,FrryPtPk,"9",BX10,BX10 Co-op City-Throgs Neck (CD 10 Approximation),26872.215880399999151,21745194.097100000828505,"107",7.444205607476636,35.047175572519087
"2",Bronx,"005",BX1101,Pelham Parkway-Van Nest,PlhmPkwy,"0",BX11,BX11 Pelham Parkway-Morris Park (CD 11 Approximation),22993.744193899998209,15587904.222599999979138,"127",6.762047244094488,32.715866666666670
"2",Bronx,"005",BX1102,Morris Park,MrrsPk,"0",BX11,BX11 Pelham Parkway-Morris Park (CD 11 Approximation),24671.398541999998997,27833108.502500001341105,"0",,
"2",Bronx,"005",BX1103,Pelham Gardens,PlhmGrdns,"0",BX11,BX11 Pelham Parkway-Morris Park (CD 11 Approximation),24343.004537400000117,30064822.575100000947714,"492",9.316747967479674,40.921769911504420
"2",Bronx,"005",BX1104,Allerton,Allrtn,"0",BX11,BX11 Pelham Parkway-Morris Park (CD 11 Approximation),17837.937532100000681,15753915.431399999186397,"0",,
"2",Bronx,"005",BX1161,Hutchinson Metro Center,HtchMtrCtr,"6",BX11,BX11 Pelham Parkway-Morris Park (CD 11 Approximation),20669.438356400001794,12190146.427899999544024,"85",7.544470588235294,39.845272727272729
"2",Bronx,"005",BX1201,Williamsbridge-Olinville,Wllmsbrdg,"0",BX12,BX12 Wakefield-Williamsbridge-Eastchester (CD 12 Approximation),29370.819857599999523,36242274.510600000619888,"0",,
"2",Bronx,"005",BX1202,Eastchester-Edenwald-Baychester,Estchstr,"0",BX12,BX12 Wakefield-Williamsbridge-Eastchester (CD 12 Approximation),54240.486751999997068,56395309.218999996781349,"103",9.072233009708738,39.886384615384614
"2",Bronx,"005",BX1203,Wakefield-Woodlawn,Wkfld_Wdln,"0",BX12,BX12 Wakefield-Williamsbridge-Eastchester (CD 12 Approximation),39101.726376300000993,39646811.232500001788139,"0",,
"2",Bronx,"005",BX1271,Woodlawn Cemetery,WdlnCem,"7",BX12,BX12 Wakefield-Williamsbridge-Eastchester (CD 12 Approximation),18168.590417499999603,17886379.054800000041723,"0",,
"2",Bronx,"005",BX2691,Van Cortlandt Park,VnCrtldtPk,"9",BX26,BX26 Van Cortlandt Park (JIA 26 Equivalent),32864.114851300000737,50658597.908600002527237,"0",,
"2",Bronx,"005",BX2791,Bronx Park,BxPk,"9",BX27,BX27 Bronx Park (JIA 27 Approximation),32846.011938399999053,33461138.649900000542402,"458",8.300414847161573,36.614143356643361
"2",Bronx,"005",BX2891,Pelham Bay Park,PlhmByPk,"9",BX28,BX28 Pelham Bay Park (JIA 28 Approximation),111114.679266000006464,99256117.155699998140335,"0",,
"1",Manhattan,"061",MN0101,Financial District-Battery Park City,FiDi,"0",MN01,MN01 Financial District-Tribeca (CD 1 Equivalent),45708.695969799999148,19245011.341400001198053,"42058",5.082755956060677,19.132850654322709
"1",Manhattan,"061",MN0102,Tribeca-Civic Center,TriBeCa,"0",MN01,MN01 Financial District-Tribeca (CD 1 Equivalent),21222.443708700000570,13577181.051899999380112,"20545",2.473759065466050,15.770070482762691
"1",Manhattan,"061",MN0191,The Battery-Governors Island-Ellis Island-Liberty Island,Btry_GvIsl,"9",MN01,MN01 Financial District-Tribeca (CD 1 Equivalent),49346.415217699999630,11989896.725700000301003,"16804",4.388029040704593,22.575403503028319
"1",Manhattan,"061",MN0201,SoHo-Little Italy-Hudson Square,SoHo,"0",MN02,MN02 Greenwich Village-SoHo (CD 2 Equivalent),18577.111746999999013,12916761.199799999594688,"65197",2.328921576146142,14.744616057654671
"1",Manhattan,"061",MN0202,Greenwich Village,GrnwchVlg,"0",MN02,MN02 Greenwich Village-SoHo (CD 2 Equivalent),12973.127764599999864,10605561.610200000926852,"0",,
"1",Manhattan,"061",MN0203,West Village,WstVlg,"0",MN02,MN02 Greenwich Village-SoHo (CD 2 Equivalent),23882.339938299999631,14417744.423299999907613,"28727",2.310591777770042,15.589200735774050
"1",Manhattan,"061",MN0301,Chinatown-Two Bridges,Chntwn,"0",MN03,MN03 Lower East Side-Chinatown (CD 3 Equivalent),16464.371852000000217,11542627.737099999561906,"32260",2.662176999380037,16.427940858339149
"1",Manhattan,"061",MN0302,Lower East Side,LES,"0",MN03,MN03 Lower East Side-Chinatown (CD 3 Equivalent),21889.829423499999393,16473190.640900000929832,"44596",3.035806798816037,14.517203286189085
"1",Manhattan,"061",MN0303,East Village,EstVlg,"0",MN03,MN03 Lower East Side-Chinatown (CD 3 Equivalent),22375.110466999998607,18978774.312399998307228,"56314",2.105620804773236,13.928236503508653
"1",Manhattan,"061",MN0401,Chelsea-Hudson Yards,Chls_HdsYd,"0",MN04,MN04 Chelsea-Hell's Kitchen (CD 4 Approximation),40095.235922300002130,29671753.383900001645088,"62574",2.431182439991050,14.945343922190235
"1",Manhattan,"061",MN0402,Hell's Kitchen,HllsKtchn,"0",MN04,MN04 Chelsea-Hell's Kitchen (CD 4 Approximation),35568.486159599997336,18382316.567800000309944,"213297",2.430230336104118,15.159205785425481
"1",Manhattan,"061",MN0501,Midtown South-Flatiron-Union Square,MdtwnSth,"0",MN05,MN05 Midtown-Flatiron-Union Square (CD 5 Approximation),18800.765717099999165,14878105.211999999359250,"217469",2.271438181993755,15.147228981400827
"1",Manhattan,"061",MN0502,Midtown-Times Square,Mdtwn_TmSq,"0",MN05,MN05 Midtown-Flatiron-Union Square (CD 5 Approximation),21258.401741099998617,24552509.674199998378754,"42932",2.139297493710985,14.225550505446282
"1",Manhattan,"061",MN0601,Stuyvesant Town-Peter Cooper Village,StyTwn,"0",MN06,MN06 East Midtown-Murray Hill (CD 6 Approximation),11627.721131300000707,5575562.431259999983013,"25033",2.251255542683658,13.997443764021099
"1",Manhattan,"061",MN0602,Gramercy,Grmrcy,"0",MN06,MN06 East Midtown-Murray Hill (CD 6 Approximation),12096.891014900000300,7526916.493449999950826,"36161",2.224229971516275,14.739578036213045
"1",Manhattan,"061",MN0603,Murray Hill-Kips Bay,MryHl_KpBy,"0",MN06,MN06 East Midtown-Murray Hill (CD 6 Approximation),25506.208734200001345,15771151.826400000602007,"97786",2.749601169901622,15.013594178728987
"1",Manhattan,"061",MN0604,East Midtown-Turtle Bay,EstMdtwn,"0",MN06,MN06 East Midtown-Murray Hill (CD 6 Approximation),16654.685919999999896,13138095.131300000473857,"251701",2.276168112164830,13.681944540906828
"1",Manhattan,"061",MN0661,United Nations,UN,"6",MN06,MN06 East Midtown-Murray Hill (CD 6 Approximation),5307.390180049999799,1091249.958739999914542,"41242",2.006779496629650,13.467306459499104
"1",Manhattan,"061",MN0701,Upper West Side-Lincoln Square,UWS_LclnSq,"0",MN07,MN07 Upper West Side (CD 7 Approximation),19952.420628500000021,15797449.359699999913573,"55982",2.119719016826837,13.449040417740402
"1",Manhattan,"061",MN0702,Upper West Side (Central),UWS_C,"0",MN07,MN07 Upper West Side (CD 7 Approximation),24906.009429000001546,25410668.900400001555681,"0",,
"1",Manhattan,"061",MN0703,Upper West Side-Manhattan Valley,UWS_MnVly,"0",MN07,MN07 Upper West Side (CD 7 Approximation),14867.872828199999276,13200450.263599999248981,"12916",2.609654691855064,16.200628988149500
"1",Manhattan,"061",MN0801,Upper East Side-Lenox Hill-Roosevelt Island,UES_LnxHl,"0",MN08,MN08 Upper East Side-Roosevelt Island (CD 8 Equivalent),38495.283965299997362,21500954.563700001686811,"84160",2.387342799429658,13.372707871504687
"1",Manhattan,"061",MN0802,Upper East Side-Carnegie Hill,UES_CrngHl,"0",MN08,MN08 Upper East Side-Roosevelt Island (CD 8 Equivalent),23778.410258399999293,20065364.379200000315905,"148921",1.915855184963840,13.030393695489964
"1",Manhattan,"061",MN0803,Upper East Side-Yorkville,UES_Yrkvl,"0",MN08,MN08 Upper East Side-Roosevelt Island (CD 8 Equivalent),18113.293221899999480,13645032.831800000742078,"0",,
"1",Manhattan,"061",MN0901,Morningside Heights,MrngsdHts,"0",MN09,MN09 Morningside Heights-Hamilton Heights (CD 9 Equivalent),17757.807600799998909,15922767.719000000506639,"1732",3.182159353348730,17.350505187189896
"1",Manhattan,"061",MN0902,Manhattanville-West Harlem,Mnhttnvl,"0",MN09,MN09 Morningside Heights-Hamilton Heights (CD 9 Equivalent),17357.246063700000377,10734805.161299999803305,"2028",3.806489151873767,21.026700796359499
"1",Manhattan,"061",MN0903,Hamilton Heights-Sugar Hill,HmltnHts,"0",MN09,MN09 Morningside Heights-Hamilton Heights (CD 9 Equivalent),17103.363387599998532,15984383.792400000616908,"1759",20.571807845366685,24.994091332712024
"1",Manhattan,"061",MN1001,Harlem (South),Hrlm_S,"0",MN10,MN10 Harlem (CD 10 Equivalent),16624.462848200000735,14441227.048299999907613,"2952",3.439789972899729,19.505161812297736
"1",Manhattan,"061",MN1002,Harlem (North),Hrlm_N,"0",MN10,MN10 Harlem (CD 10 Equivalent),32489.359700199998770,23792397.047800000756979,"0",,
"1",Manhattan,"061",MN1101,East Harlem (South),EstHrlm_S,"0",MN11,MN11 East Harlem (CD 11 Equivalent),20199.539367599998513,16653939.421299999579787,"5752",12.920655424200280,15.011608422203993
"1",Manhattan,"061",MN1102,East Harlem (North),EstHrlm_N,"0",MN11,MN11 East Harlem (CD 11 Equivalent),36090.127717900002608,26104503.191700000315905,"0",,
"1",Manhattan,"061",MN1191,Randall's Island,RndllsIsl,"9",MN11,MN11 East Harlem (CD 11 Equivalent),27697.311285899999348,23466535.602499999105930,"68",4.970000000000001,47.607575757575766
"1",Manhattan,"061",MN1201,Washington Heights (South),WshHts_S,"0",MN12,MN12 Washington Heights-Inwood (CD 12 Equivalent),22198.410271100001410,21026876.595100000500679,"444",4.806148648648648,27.722978395061727
"1",Manhattan,"061",MN1202,Washington Heights (North),WshHts_N,"0",MN12,MN12 Washington Heights-Inwood (CD 12 Equivalent),26731.596301599998696,24773512.244500000029802,"17",9.517058823529412,38.983749999999993
"1",Manhattan,"061",MN1203,Inwood,Inwd,"0",MN12,MN12 Washington Heights-Inwood (CD 12 Equivalent),23742.131182400000398,14437614.651699999347329,"0",,
"1",Manhattan,"061",MN1291,Highbridge Park,HghbrdgPk,"9",MN12,MN12 Washington Heights-Inwood (CD 12 Equivalent),27607.651399200000014,7750591.304499999620020,"233",5.923562231759657,30.326081504702195
"1",Manhattan,"061",MN1292,Inwood Hill Park,InwdHlPk,"9",MN12,MN12 Washington Heights-Inwood (CD 12 Equivalent),22051.668438600001537,10007466.726199999451637,"119",7.839075630252101,46.162011834319522
"1",Manhattan,"061",MN6491,Central Park,CntrlPk,"9",MN64,MN64 Central Park (JIA 64 Equivalent),32721.097358399998484,38312377.990199998021126,"83137",8.232005124072314,14.123675892302769
"4",Queens,"081",QN0101,Astoria (North)-Ditmars-Steinway,Astr_N,"0",QN01,QN01 Astoria-Queensbridge (CD 1 Equivalent),47637.075789199996507,58301780.440499998629093,"596",3.606308724832215,21.905641330166265
"4",Queens,"081",QN0102,Old Astoria-Hallets Point,OldAstr,"0",QN01,QN01 Astoria-Queensbridge (CD 1 Equivalent),15402.990459799999371,11092345.386800000444055,"0",,
"4",Queens,"081",QN0103,Astoria (Central),Astr_C,"0",QN01,QN01 Astoria-Queensbridge (CD 1 Equivalent),21571.991586500000267,21084822.051800001412630,"0",,
"4",Queens,"081",QN0104,Astoria (East)-Woodside (North),Astr_E,"0",QN01,QN01 Astoria-Queensbridge (CD 1 Equivalent),24359.879820300000574,26043278.571499999612570,"0",,
"4",Queens,"081",QN0105,Queensbridge-Ravenswood-Dutch Kills,Qnsbrdg,"0",QN01,QN01 Astoria-Queensbridge (CD 1 Equivalent),27093.785798799999611,27721577.696899998933077,"0",,
"2",Bronx,"005",QN0151,Rikers Island,RkrsIsl,"5",QN01,QN01 Astoria-Queensbridge (CD 1 Equivalent),18897.488158299998759,18163733.979400001466274,"2",0.200000000000000,3.700000000000000
"4",Queens,"081",QN0161,Sunnyside Yards (North),SnnysdYd_N,"6",QN01,QN01 Astoria-Queensbridge (CD 1 Equivalent),16111.611558900000091,4500281.354179999791086,"0",,
"4",Queens,"081",QN0171,St. Michael's Cemetery,StMchlCem,"7",QN01,QN01 Astoria-Queensbridge (CD 1 Equivalent),8656.462629969999398,4388717.153549999929965,"0",,
"4",Queens,"081",QN0191,Astoria Park,AstrPk,"9",QN01,QN01 Astoria-Queensbridge (CD 1 Equivalent),8570.895058800000697,2674946.488690000027418,"0",,
"4",Queens,"081",QN0201,Long Island City-Hunters Point,LIC,"0",QN02,QN02 Long Island City-Sunnyside-Woodside (CD 2 Approximation),37374.735249700002896,27595430.123900000005960,"2754",2.165406681190995,12.779152173913044
"4",Queens,"081",QN0202,Sunnyside,Snnysd,"0",QN02,QN02 Long Island City-Sunnyside-Woodside (CD 2 Approximation),34952.154913099999249,47701718.217100001871586,"5648",3.439783994334278,23.026695244474212
"4",Queens,"081",QN0203,Woodside,Wdsd,"0",QN02,QN02 Long Island City-Sunnyside-Woodside (CD 2 Approximation),31737.893621100000018,32949470.184900000691414,"1657",3.482546771273386,18.402346938775509
"4",Queens,"081",QN0261,Sunnyside Yards (South),SnnysdYd_S,"6",QN02,QN02 Long Island City-Sunnyside-Woodside (CD 2 Approximation),22732.905999800001155,8783520.252429999411106,"0",,
"4",Queens,"081",QN0271,Calvary & Mount Zion Cemeteries,ClvryCem,"7",QN02,QN02 Long Island City-Sunnyside-Woodside (CD 2 Approximation),22214.078599100001156,14291819.618799999356270,"0",,
"4",Queens,"081",QN0301,Jackson Heights,JcksnHts,"0",QN03,QN03 Jackson Heights-East Elmhurst (CD 3 Approximation),27112.804702900000848,39315142.876800000667572,"151",1.386887417218543,9.651688888888890
"4",Queens,"081",QN0302,East Elmhurst,EstElmhrst,"0",QN03,QN03 Jackson Heights-East Elmhurst (CD 3 Approximation),24418.567621400001372,28763854.702199999243021,"0",,
"4",Queens,"081",QN0303,North Corona,NrthCrna,"0",QN03,QN03 Jackson Heights-East Elmhurst (CD 3 Approximation),15547.581582999999227,13961243.766000000759959,"0",,
"4",Queens,"081",QN0401,Elmhurst,Elmhrst,"0",QN04,QN04 Elmhurst-Corona (CD 4 Approximation),31838.054627900000924,42102084.102899998426437,"1159",4.625090595340811,21.112359550561798
"4",Queens,"081",QN0402,Corona,Crna,"0",QN04,QN04 Elmhurst-Corona (CD 4 Approximation),22083.423494300001039,24025748.177000001072884,"0",,
"4",Queens,"081",QN0501,Maspeth,Mspth,"0",QN05,QN05 Ridgewood-Maspeth-Middle Village (CD 5 Approximation),53782.104415000001609,58317409.646600000560284,"161",4.502049689440994,22.218808510638297
"4",Queens,"081",QN0502,Ridgewood,Rdgwd,"0",QN05,QN05 Ridgewood-Maspeth-Middle Village (CD 5 Approximation),33459.282143600001291,42551183.843699999153614,"86",5.378488372093023,32.314144144144144
"4",Queens,"081",QN0503,Glendale,Glndl,"0",QN05,QN05 Ridgewood-Maspeth-Middle Village (CD 5 Approximation),41557.487814499996603,30006441.380600001662970,"0",,
"4",Queens,"081",QN0504,Middle Village,MddlVlg,"0",QN05,QN05 Ridgewood-Maspeth-Middle Village (CD 5 Approximation),35018.393374100000074,34943402.600900001823902,"699",4.764978540772533,20.095321668909826
"4",Queens,"081",QN0571,Mount Olivet & All Faiths Cemeteries,MtOlvtCem,"7",QN05,QN05 Ridgewood-Maspeth-Middle Village (CD 5 Approximation),19120.184681800001272,7642767.620790000073612,"0",,
"4",Queens,"081",QN0572,Middle Village Cemetery,MddlVlgCem,"7",QN05,QN05 Ridgewood-Maspeth-Middle Village (CD 5 Approximation),10370.460665399999925,5511491.416500000283122,"0",,
"4",Queens,"081",QN0573,St. John Cemetery,StJhnCem,"7",QN05,QN05 Ridgewood-Maspeth-Middle Village (CD 5 Approximation),11694.156490900000790,8754117.295210000127554,"0",,
"4",Queens,"081",QN0574,Highland Park-Cypress Hills Cemeteries (North),CyHlsCem_N,"7",QN05,QN05 Ridgewood-Maspeth-Middle Village (CD 5 Approximation),33067.825087600002007,31227049.176800001412630,"68",4.923382352941177,28.066344086021502
"4",Queens,"081",QN0601,Rego Park,RegoPk,"0",QN06,QN06 Forest Hills-Rego Park (CD 6 Approximation),26496.222245799999655,20193351.943799998611212,"0",,
"4",Queens,"081",QN0602,Forest Hills,FrstHls,"0",QN06,QN06 Forest Hills-Rego Park (CD 6 Approximation),36075.257890900000348,57953603.607299998402596,"423",8.930992907801418,53.205419847328251
"4",Queens,"081",QN0701,College Point,CllgPt,"0",QN07,QN07 Flushing-Murray Hill-Whitestone (CD 7 Approximation),67533.146285399998305,66709273.622699998319149,"57",6.720877192982456,33.589629629629627
"4",Queens,"081",QN0702,Whitestone-Beechhurst,Whtstn,"0",QN07,QN07 Flushing-Murray Hill-Whitestone (CD 7 Approximation),44452.516556199996558,52637755.575000002980232,"0",,
"4",Queens,"081",QN0703,Bay Terrace-Clearview,ByTr_Clrvw,"0",QN07,QN07 Flushing-Murray Hill-Whitestone (CD 7 Approximation),34463.055078899997170,39315519.868699997663498,"0",,
"4",Queens,"081",QN0704,Murray Hill-Broadway Flushing,MryHl_BwyF,"0",QN07,QN07 Flushing-Murray Hill-Whitestone (CD 7 Approximation),37469.224387200003548,56452699.438000001013279,"0",,
"4",Queens,"081",QN0705,East Flushing,EstFlshng,"0",QN07,QN07 Flushing-Murray Hill-Whitestone (CD 7 Approximation),28376.500092999998742,31659931.945599999278784,"0",,
"4",Queens,"081",QN0706,Queensboro Hill,QnsboroHl,"0",QN07,QN07 Flushing-Murray Hill-Whitestone (CD 7 Approximation),30839.700128699998459,26427738.459499999880791,"36",6.647222222222222,30.463333333333335
"4",Queens,"081",QN0707,Flushing-Willets Point,Flshng,"0",QN07,QN07 Flushing-Murray Hill-Whitestone (CD 7 Approximation),30770.910507900000084,38542563.346600003540516,"116",5.964655172413793,34.059872611464968
"4",Queens,"081",QN0761,Fort Totten,FtTttn,"6",QN07,QN07 Flushing-Murray Hill-Whitestone (CD 7 Approximation),14563.735868499999924,6957320.866949999704957,"0",,
"4",Queens,"081",QN0791,Kissena Park,KssnPk,"9",QN07,QN07 Flushing-Murray Hill-Whitestone (CD 7 Approximation),15363.256015299999490,11016228.316400000825524,"0",,
"4",Queens,"081",QN0801,Kew Gardens Hills,KwGrdnsHls,"0",QN08,QN08 Fresh Meadows-Hillcrest-Briarwood (CD 8 Approximation),28291.716456999998627,34304348.095299996435642,"0",,
"4",Queens,"081",QN0802,Pomonok-Electchester-Hillcrest,Pmnk_Hlcst,"0",QN08,QN08 Fresh Meadows-Hillcrest-Briarwood (CD 8 Approximation),28608.039826000000176,36974156.346400000154972,"0",,
"4",Queens,"081",QN0803,Fresh Meadows-Utopia,FrshMdws,"0",QN08,QN08 Fresh Meadows-Hillcrest-Briarwood (CD 8 Approximation),28347.547011599999678,33196056.219799999147654,"49",6.377755102040816,31.293225806451616
"4",Queens,"081",QN0804,Jamaica Estates-Holliswood,JmcaEstts,"0",QN08,QN08 Fresh Meadows-Hillcrest-Briarwood (CD 8 Approximation),32384.299938600001042,39411596.806100003421307,"0",,
"4",Queens,"081",QN0805,Jamaica Hills-Briarwood,JmcaHls,"0",QN08,QN08 Fresh Meadows-Hillcrest-Briarwood (CD 8 Approximation),29698.152795499998319,27644432.750799998641014,"318",5.876383647798742,30.482914572864320
"4",Queens,"081",QN0871,Mount Hebron & Cedar Grove Cemeteries,MtHbrnCem,"7",QN08,QN08 Fresh Meadows-Hillcrest-Briarwood (CD 8 Approximation),15876.258781799999269,9208958.042120000347495,"53",5.783962264150944,28.256124999999997
"4",Queens,"081",QN0891,Cunningham Park,CnnghmPk,"9",QN08,QN08 Fresh Meadows-Hillcrest-Briarwood (CD 8 Approximation),28158.209644599999592,21304892.459899999201298,"75",7.381066666666667,33.519666666666666
"4",Queens,"081",QN0901,Kew Gardens,KwGrdns,"0",QN09,QN09 Kew Gardens-Richmond Hill-Woodhaven (CD 9 Approximation),21653.214803300001222,20284899.245400000363588,"0",,
"4",Queens,"081",QN0902,Richmond Hill,RchmdHl,"0",QN09,QN09 Kew Gardens-Richmond Hill-Woodhaven (CD 9 Approximation),26207.751265899998543,30269746.128299999982119,"0",,
"4",Queens,"081",QN0903,South Richmond Hill,SthRchmdHl,"0",QN09,QN09 Kew Gardens-Richmond Hill-Woodhaven (CD 9 Approximation),21161.568634100000054,15849139.839500000700355,"0",,
"4",Queens,"081",QN0904,Ozone Park (North),OznPk_N,"0",QN09,QN09 Kew Gardens-Richmond Hill-Woodhaven (CD 9 Approximation),24790.756466499999078,18087303.304099999368191,"0",,
"4",Queens,"081",QN0905,Woodhaven,Wdhvn,"0",QN09,QN09 Kew Gardens-Richmond Hill-Woodhaven (CD 9 Approximation),21956.421209299998736,23727497.596999999135733,"0",,
"4",Queens,"081",QN1001,South Ozone Park,SthOznPk,"0",QN10,QN10 South Ozone Park-Howard Beach (CD 10 Approximation),36690.077323999998043,81836593.544799998402596,"0",,
"4",Queens,"081",QN1002,Ozone Park,OznPk,"0",QN10,QN10 South Ozone Park-Howard Beach (CD 10 Approximation),25097.196262000001298,25107784.679800000041723,"446",5.492399103139013,35.643333333333338
"4",Queens,"081",QN1003,Howard Beach-Lindenwood,HwrdBch,"0",QN10,QN10 South Ozone Park-Howard Beach (CD 10 Approximation),73875.083595499992953,52604804.027300000190735,"121588",15.588319488765341,59.309912562174581
"4",Queens,"081",QN1091,Spring Creek Park,SpCrkPk,"9",QN10,QN10 South Ozone Park-Howard Beach (CD 10 Approximation),28395.970075299999735,11848151.335400000214577,"0",,
"4",Queens,"081",QN1101,Auburndale,Abrndl,"0",QN11,QN11 Auburndale-Bayside-Douglaston (CD 11 Approximation),39268.992093499997281,55464055.560400001704693,"29",7.113793103448275,36.597499999999997
"4",Queens,"081",QN1102,Bayside,Bysd,"0",QN11,QN11 Auburndale-Bayside-Douglaston (CD 11 Approximation),41945.500011399999494,70410060.325599998235703,"0",,
"4",Queens,"081",QN1103,Douglaston-Little Neck,Dglstn,"0",QN11,QN11 Auburndale-Bayside-Douglaston (CD 11 Approximation),51882.308637000001909,68149461.386600002646446,"0",,
"4",Queens,"081",QN1104,Oakland Gardens-Hollis Hills,OklndGrdns,"0",QN11,QN11 Auburndale-Bayside-Douglaston (CD 11 Approximation),33891.099135500000557,39634774.880999997258186,"0",,
"4",Queens,"081",QN1191,Alley Pond Park,AllyPndPk,"9",QN11,QN11 Auburndale-Bayside-Douglaston (CD 11 Approximation),48184.401993699997547,26132395.938999999314547,"0",,
"4",Queens,"081",QN1201,Jamaica,Jmca,"0",QN12,QN12 Jamaica-St. Albans-Hollis (CD 12 Approximation),41767.665868199997931,46830463.146999999880791,"754",7.131180371352785,29.409361963190186
"4",Queens,"081",QN1202,South Jamaica,SthJmca,"0",QN12,QN12 Jamaica-St. Albans-Hollis (CD 12 Approximation),33185.098762699999497,37862543.363700002431870,"0",,
"4",Queens,"081",QN1203,Baisley Park,BslyPk,"0",QN12,QN12 Jamaica-St. Albans-Hollis (CD 12 Approximation),32461.290215299999545,47948908.155599996447563,"503",10.272584493041750,46.595644654088055
"4",Queens,"081",QN1204,Springfield Gardens (North)-Rochdale Village,SpfGrdns_N,"0",QN12,QN12 Jamaica-St. Albans-Hollis (CD 12 Approximation),27779.405273500000476,34464287.652199998497963,"307",9.301726384364821,41.411746478873241
"4",Queens,"081",QN1205,St. Albans,StAlbns,"0",QN12,QN12 Jamaica-St. Albans-Hollis (CD 12 Approximation),41392.538288499999908,74276849.655100002884865,"1007",8.307567030784508,29.964844945630283
"4",Queens,"081",QN1206,Hollis,Hlls,"0",QN12,QN12 Jamaica-St. Albans-Hollis (CD 12 Approximation),22923.745399600000383,24469310.886599998921156,"0",,
"4",Queens,"081",QN1301,Glen Oaks-Floral Park-New Hyde Park,GlnOks,"0",QN13,QN13 Queens Village-Bellerose-Rosedale (CD 13 Approximation),33404.138779699998850,45421115.696999996900558,"0",,
"4",Queens,"081",QN1302,Bellerose,Bllrs,"0",QN13,QN13 Queens Village-Bellerose-Rosedale (CD 13 Approximation),32397.577057200000127,55322162.116099998354912,"92",6.883804347826088,35.808125000000004
"4",Queens,"081",QN1303,Queens Village,QnsVlg,"0",QN13,QN13 Queens Village-Bellerose-Rosedale (CD 13 Approximation),37292.311689699999988,69655554.571899995207787,"173",7.452196531791907,34.804853556485355
"4",Queens,"081",QN1304,Cambria Heights,CmbriaHts,"0",QN13,QN13 Queens Village-Bellerose-Rosedale (CD 13 Approximation),26160.987081700000999,33073252.514100000262260,"0",,
"4",Queens,"081",QN1305,Laurelton,Lrltn,"0",QN13,QN13 Queens Village-Bellerose-Rosedale (CD 13 Approximation),30011.281162899998890,39840609.122500002384186,"0",,
"4",Queens,"081",QN1306,Springfield Gardens (South)-Brookville,SpfGrdns_S,"0",QN13,QN13 Queens Village-Bellerose-Rosedale (CD 13 Approximation),46029.132184599999164,57436453.058200001716614,"1189",9.844247266610598,48.327001295336785
"4",Queens,"081",QN1307,Rosedale,Rsdl,"0",QN13,QN13 Queens Village-Bellerose-Rosedale (CD 13 Approximation),55266.028104199998779,47235422.241099998354912,"126",9.167301587301587,41.305200000000006
"4",Queens,"081",QN1371,Montefiore Cemetery,MntfrCem,"7",QN13,QN13 Queens Village-Bellerose-Rosedale (CD 13 Approximation),11843.083412100000714,5322023.142140000127256,"0",,
"4",Queens,"081",QN1401,Far Rockaway-Bayswater,FrRckwy,"0",QN14,QN14 The Rockaways (CD 14 Approximation),48626.208629900000233,60475222.195500001311302,"246",12.857967479674794,48.933605442176869
"4",Queens,"081",QN1402,Rockaway Beach-Arverne-Edgemere,RckwyBch,"0",QN14,QN14 The Rockaways (CD 14 Approximation),67288.489984700005152,50502113.582500003278255,"214",11.715794392523364,46.151279069767440
"4",Queens,"081",QN1403,Breezy Point-Belle Harbor-Rockaway Park-Broad Channel,BrzyPt,"0",QN14,QN14 The Rockaways (CD 14 Approximation),104337.141948999997112,69230686.184200003743172,"4",11.770000000000000,41.883333333333333
"4",Queens,"081",QN1491,Rockaway Community Park,RckwyCPk,"9",QN14,QN14 The Rockaways (CD 14 Approximation),21723.319490300000325,8929707.577220000326633,"0",,
"4",Queens,"081",QN8081,LaGuardia Airport,LGA,"8",QN80,QN80 LaGuardia Airport (JIA 80 Approximation),42011.133023700000194,30591950.200599998235703,"646",5.145557275541795,28.824451858913250
"4",Queens,"081",QN8191,Flushing Meadows-Corona Park,FlshMdwCPk,"9",QN81,QN81 Flushing Meadows-Corona Park (JIA 81 Approximation),61514.109515099997225,55201416.605400003492832,"89568",9.567171869417649,41.218895834953720
"4",Queens,"081",QN8291,Forest Park,FrstPk,"9",QN82,QN82 Forest Park (JIA 82 Approximation),29484.786885599998641,24010777.496100001037121,"513",5.218362573099415,18.067565770453889
"4",Queens,"081",QN8381,John F. Kennedy International Airport,JFK,"8",QN83,QN83 JFK International Airport (JIA 83 Approximation),107007.683040000003530,197189854.441000014543533,"576",11.119722222222222,51.006917293233080
"4",Queens,"081",QN8491,Jamaica Bay (East),JmcaBy_E,"9",QN84,QN84 Jamaica Bay (East) (JIA 84 Approximation),177470.303960999997798,69920674.875000000000000,"0",,
"4",Queens,"081",QN8492,Jacob Riis Park-Fort Tilden-Breezy Point Tip,JcbRsPk,"9",QN84,QN84 Jamaica Bay (East) (JIA 84 Approximation),63380.547218799998518,52637903.982900001108646,"74",11.137702702702700,46.236966292134831
"5",Staten Island,"085",SI0101,St. George-New Brighton,StGrg,"0",SI01,SI01 North Shore (CD 1 Equivalent),31943.524443300000712,26507819.774500001221895,"0",,
"5",Staten Island,"085",SI0102,Tompkinsville-Stapleton-Clifton-Fox Hills,Tkvl_Stptn,"0",SI01,SI01 North Shore (CD 1 Equivalent),31620.253935199998523,24241444.761399999260902,"0",,
"5",Staten Island,"085",SI0103,Rosebank-Shore Acres-Park Hill,Rsbnk_PkHl,"0",SI01,SI01 North Shore (CD 1 Equivalent),35208.194137600003160,35251370.906700000166893,"1",21.190000000000001,39.519999999999996
"5",Staten Island,"085",SI0104,West New Brighton-Silver Lake-Grymes Hill,WstNwBrgtn,"0",SI01,SI01 North Shore (CD 1 Equivalent),55176.363211700001557,85360025.078400000929832,"0",,
"5",Staten Island,"085",SI0105,Westerleigh-Castleton Corners,Wstrlgh,"0",SI01,SI01 North Shore (CD 1 Equivalent),42608.103832300002978,76529172.223800003528595,"5",8.468000000000000,27.613000000000000
"5",Staten Island,"085",SI0106,Port Richmond,PrtRchmnd,"0",SI01,SI01 North Shore (CD 1 Equivalent),39708.158949299999222,36236920.689400002360344,"0",,
"5",Staten Island,"085",SI0107,Mariner's Harbor-Arlington-Graniteville,MrnrsHrbr,"0",SI01,SI01 North Shore (CD 1 Equivalent),71332.728166999993846,89391586.503700003027916,"0",,
"5",Staten Island,"085",SI0191,Snug Harbor,SngHrbr,"9",SI01,SI01 North Shore (CD 1 Equivalent),9028.402353409999705,3768354.935579999815673,"0",,
"5",Staten Island,"085",SI0201,Grasmere-Arrochar-South Beach-Dongan Hills,Grsmr_SBch,"0",SI02,SI02 Mid-Island (CD 2 Approximation),43109.722001399997680,80110761.557999998331070,"0",,
"5",Staten Island,"085",SI0202,New Dorp-Midland Beach,NwDrp_MBch,"0",SI02,SI02 Mid-Island (CD 2 Approximation),49753.473191299999598,62182627.954300001263618,"0",,
"5",Staten Island,"085",SI0203,Todt Hill-Emerson Hill-Lighthouse Hill-Manor Heights,TdtHl,"0",SI02,SI02 Mid-Island (CD 2 Approximation),71381.217916499997955,186310664.266000002622604,"15",4.685999999999999,32.203076923076928
"5",Staten Island,"085",SI0204,New Springville-Willowbrook-Bulls Head-Travis,NwSprngvl,"0",SI02,SI02 Mid-Island (CD 2 Approximation),91567.468541499998537,209440981.963999986648560,"2",0.000000000000000,35.141666666666666
"5",Staten Island,"085",SI0291,Freshkills Park (North),FrshklPk_N,"9",SI02,SI02 Mid-Island (CD 2 Approximation),44304.758746400002565,68122138.333800002932549,"3",1.433333333333333,24.399999999999999
"5",Staten Island,"085",SI0301,Oakwood-Richmondtown,Okwd_Rmtwn,"0",SI03,SI03 South Shore (CD 3 Approximation),44192.903820500003349,55937302.050800003111362,"1",15.449999999999999,70.000000000000000
"5",Staten Island,"085",SI0302,Great Kills-Eltingville,GrtKls_Evl,"0",SI03,SI03 South Shore (CD 3 Approximation),67426.901645899997675,116746780.584999993443489,"6",10.496666666666668,91.483000000000004
"5",Staten Island,"085",SI0303,Arden Heights-Rossville,ArdnHts,"0",SI03,SI03 South Shore (CD 3 Approximation),38159.860657299999730,67773961.797299996018410,"0",,
"5",Staten Island,"085",SI0304,Annadale-Huguenot-Prince's Bay-Woodrow,Anndl_Wdrw,"0",SI03,SI03 South Shore (CD 3 Approximation),67585.545483499998227,180426282.257999986410141,"3",34.280000000000001,94.367999999999995
"5",Staten Island,"085",SI0305,Tottenville-Charleston,Tttnvl,"0",SI03,SI03 South Shore (CD 3 Approximation),83178.794754400005331,126774048.771999999880791,"0",,
"5",Staten Island,"085",SI0391,Freshkills Park (South),FrshklPK_S,"9",SI03,SI03 South Shore (CD 3 Approximation),33945.419541199997184,47758770.952200002968311,"0",,
"5",Staten Island,"085",SI9561,Fort Wadsworth,FtWdswrth,"6",SI95,SI95 Great Kills Park-Fort Wadsworth (JIA 95 Approximation),14814.414069399999789,9867248.078239999711514,"1",0.000000000000000,29.116000000000003
"5",Staten Island,"085",SI9591,Hoffman & Swinburne Islands,HffmnIsl,"9",SI95,SI95 Great Kills Park-Fort Wadsworth (JIA 95 Approximation),4743.128037679999579,635701.949745999998413,"0",,
"5",Staten Island,"085",SI9592,Miller Field,MllrFld,"9",SI95,SI95 Great Kills Park-Fort Wadsworth (JIA 95 Approximation),19197.200701500001742,10866804.092199999839067,"2",8.815000000000001,23.742500000000000
"5",Staten Island,"085",SI9593,Great Kills Park,GrtKlsPk,"9",SI95,SI95 Great Kills Park-Fort Wadsworth (JIA 95 Approximation),41465.429873100001714,23377915.112100001424551,"1",6.220000000000000,42.865000000000002
